frame,t_s,seq,current_A,mean_rgb,mean_Y,mean_R,mean_G,mean_B
0,0.000000,0,15,14.764198,6.820477,21.851678,0.862483,21.578435
1,0.033333,0,15,14.764198,6.820477,21.851678,0.862483,21.578435
2,0.066667,0,15,14.626873,6.642416,21.675947,0.670190,21.534482
3,0.100000,0,15,14.663343,6.660758,21.726203,0.675458,21.588367
4,0.133333,0,15,14.621667,6.644220,21.664047,0.677347,21.523608
5,0.166667,0,15,15.183603,6.902722,22.444940,0.719571,22.386297
6,0.200000,0,15,15.066637,6.876040,22.265885,0.756572,22.177454
7,0.233333,0,15,15.280530,7.007426,22.550456,0.826717,22.464417
8,0.266667,0,15,14.816845,6.857865,21.877969,0.897153,21.675414
9,0.300000,0,15,15.262395,7.062307,22.494972,0.930293,22.361922
10,0.333333,0,15,15.169612,7.034292,22.353431,0.948883,22.206520
11,0.366667,0,15,15.339025,7.134983,22.576936,0.999609,22.440530
12,0.400000,0,15,14.946878,6.998547,22.008831,1.043567,21.788237
13,0.433333,0,15,14.871953,6.792816,21.771428,0.800689,22.043741
14,0.466667,0,15,14.836174,6.788723,21.710007,0.819786,21.978730
15,0.500000,0,15,14.840292,6.791020,21.715809,0.820704,21.984363
16,0.533333,0,15,14.834562,6.788698,21.707057,0.820935,21.975694
17,0.566667,0,15,15.346384,7.021874,22.409170,0.857854,22.772129
18,0.600000,0,15,15.217843,6.983195,22.216242,0.883125,22.554161
19,0.633333,0,15,15.408036,7.098146,22.464520,0.943619,22.815970
20,0.666667,0,15,14.944213,6.941433,21.806661,0.999784,22.026195
21,0.700000,0,15,14.946411,6.942310,21.809720,0.999740,22.029774
22,0.733333,0,15,14.945597,6.941898,21.808482,0.999643,22.028665
23,0.766667,0,15,14.994868,6.920595,21.912644,0.927171,22.144789
24,0.800000,0,15,14.407717,6.485183,21.140913,0.616310,21.465929
25,0.833333,0,15,15.010668,6.755738,22.003306,0.645665,22.383032
26,0.866667,0,15,14.884863,6.727152,21.818238,0.683997,22.152355
27,0.900000,0,15,15.107216,6.853463,22.118655,0.739939,22.463054
28,0.933333,0,15,14.680916,6.713782,21.504677,0.800372,21.737699
29,0.966667,0,15,15.182230,6.939194,22.209593,0.828143,22.508954
30,1.000000,0,15,15.073376,6.907371,22.041224,0.852083,22.326821
31,1.033333,0,15,15.263822,7.019090,22.295770,0.906097,22.589597
32,1.066667,0,15,14.837265,6.874944,21.668390,0.962598,21.880808
33,1.100000,0,15,14.839068,6.875644,21.671342,0.962435,21.883426
34,1.133333,0,15,14.838410,6.875245,21.670760,0.962163,21.882309
35,1.166667,0,15,14.627174,6.649106,21.547607,0.708517,21.625399
36,1.200000,0,15,14.615193,6.645751,21.527567,0.711710,21.606302
37,1.233333,0,15,15.082739,6.854333,22.179113,0.736337,22.332768
38,1.266667,0,15,14.978212,6.822708,22.024251,0.756178,22.154207
39,1.300000,0,15,15.153103,6.922412,22.257437,0.801408,22.400462
40,1.333333,0,15,14.745007,6.782908,21.666259,0.851006,21.717757
41,1.366667,0,15,15.230353,7.001647,22.346977,0.879062,22.465021
42,1.400000,0,15,15.114224,6.965802,22.175309,0.899919,22.267445
43,1.433333,0,15,15.299511,7.072426,22.418492,0.950226,22.529817
44,1.466667,0,15,14.876221,6.928503,21.807017,1.002501,21.819144
45,1.500000,0,15,14.801840,6.765915,21.681868,0.802025,21.921625
46,1.533333,0,15,14.801753,6.765665,21.681369,0.801774,21.922115
47,1.566667,0,15,14.871352,6.801255,21.780549,0.812024,22.021482
48,1.600000,0,15,14.794082,6.772516,21.671643,0.817138,21.893466
49,1.633333,0,15,15.239832,6.973212,22.283612,0.845483,22.590401
50,1.666667,0,15,15.123422,6.934035,22.114911,0.860604,22.394752
51,1.700000,0,15,15.284451,7.028041,22.324948,0.906697,22.621708
52,1.733333,0,15,14.871330,6.882980,21.743941,0.947125,21.922924
53,1.766667,0,15,14.945741,6.913767,21.853448,0.946026,22.037747
54,1.800000,0,15,14.906070,6.893865,21.804379,0.939154,21.974676
55,1.833333,0,15,14.908877,6.894498,21.810187,0.937924,21.978519
56,1.866667,0,15,14.449705,6.556258,21.232323,0.692743,21.424048
57,1.900000,0,15,15.033842,6.814565,22.071609,0.714435,22.315481
58,1.933333,0,15,14.925680,6.784552,21.912683,0.738894,22.125463
59,1.966667,0,15,15.153289,6.914542,22.222713,0.796688,22.440467
60,2.000000,0,15,14.689311,6.763097,21.552593,0.863776,21.651565
61,2.033333,0,15,15.170866,6.970878,22.224702,0.877948,22.409949
62,2.066667,0,15,15.056239,6.933897,22.058951,0.895240,22.214526
63,2.100000,0,15,15.231334,7.031427,22.292818,0.936872,22.464312
64,2.133333,0,15,14.816098,6.889984,21.693538,0.987628,21.767127
65,2.166667,0,15,14.818331,6.890925,21.696770,0.987633,21.770589
66,2.200000,0,15,14.816904,6.890217,21.694928,0.987414,21.768368
67,2.233333,0,15,14.628923,6.653126,21.447298,0.736082,21.703389
68,2.266667,0,15,14.617200,6.650438,21.431292,0.739345,21.680962
69,2.300000,0,15,15.104211,6.866907,22.119683,0.761635,22.431315
70,2.333333,0,15,15.000246,6.833721,21.964991,0.778823,22.256925
71,2.366667,0,15,15.177689,6.936175,22.206629,0.825625,22.500813
72,2.400000,0,15,14.750456,6.789652,21.591538,0.875974,21.783855
73,2.433333,0,15,15.165494,6.975420,22.175686,0.897524,22.423271
74,2.466667,0,15,15.065309,6.941820,22.025126,0.911891,22.258910
75,2.500000,0,15,15.215736,7.028854,22.224692,0.952999,22.469517
76,2.533333,0,15,14.850039,6.900331,21.699005,0.991093,21.860020
77,2.566667,0,15,14.850783,6.900509,21.699580,0.990993,21.861775
78,2.600000,0,15,14.354412,6.767211,20.530664,1.206128,21.326443
79,2.633333,0,15,14.466765,6.837675,20.678879,1.245503,21.475914
80,2.666667,0,15,14.320892,6.792976,20.463281,1.272203,21.227193
81,2.700000,0,15,15.065707,7.175870,21.466707,1.397687,22.332728
82,2.733333,0,15,14.914655,7.162502,21.215113,1.482715,22.046137
83,2.766667,0,15,15.119188,7.367137,21.420584,1.687203,22.249778
84,2.800000,0,15,14.645431,7.238611,20.706194,1.802895,21.427204
85,2.833333,0,15,15.007198,7.440006,21.172237,1.892479,21.956878
86,2.866667,0,15,14.936876,7.410933,21.068828,1.893533,21.848268
87,2.900000,0,15,15.079228,7.511317,21.243938,1.963465,22.030282
88,2.933333,0,15,14.753121,7.368604,20.793111,1.949806,21.516446
89,2.966667,0,15,13.923943,8.362730,17.616620,4.468788,19.686420
90,3.000000,0,15,13.982853,8.440125,17.662640,4.559260,19.726658
91,3.033333,0,15,14.289525,8.698100,17.988592,4.785988,20.093996
92,3.066667,0,15,14.519298,9.205917,17.999989,5.495860,20.062045
93,3.100000,0,15,15.185554,9.631860,18.827158,5.753244,20.976259
94,3.133333,0,15,15.100861,9.621297,18.688073,5.795715,20.818794
95,3.166667,0,15,15.338210,9.811394,18.964164,5.951119,21.099348
96,3.200000,0,15,14.891519,9.646336,18.331385,5.983058,20.360116
97,3.233333,0,15,14.920289,9.664177,18.365960,5.993564,20.401342
98,3.266667,0,15,14.906307,9.658274,18.346774,5.993282,20.378864
99,3.300000,0,15,14.729147,9.781291,17.914906,6.338576,19.933959
100,3.333333,0,15,14.729147,9.781291,17.914906,6.338576,19.933959
101,3.366667,0,15,15.475254,10.258661,18.866254,6.621927,20.937580
102,3.400000,0,15,15.408823,10.245208,18.760827,6.646402,20.819242
103,3.433333,0,15,15.714052,10.496937,19.122707,6.856058,21.163391
104,3.466667,0,15,15.195071,10.306878,18.381314,6.897183,20.306715
105,3.500000,0,15,15.757202,10.650275,19.104916,7.083880,21.082809
106,3.533333,0,15,15.627923,10.578687,18.928185,7.054684,20.900900
107,3.566667,0,15,15.823831,10.719072,19.175739,7.152964,21.142791
108,3.600000,0,15,15.343910,10.464025,18.542322,7.056287,20.433122
109,3.633333,0,15,15.347411,10.466196,18.546421,7.057588,20.438225
110,3.666667,0,15,15.344121,10.464117,18.542412,7.056338,20.433613
111,3.700000,0,15,15.345447,10.464943,18.544348,7.056755,20.435239
112,3.733333,0,15,15.268595,10.803214,17.833023,7.764043,20.208719
113,3.766667,0,15,15.743196,11.052287,18.464811,7.853580,20.911197
114,3.800000,0,15,15.637058,11.026985,18.303427,7.885221,20.722526
115,3.833333,0,15,15.672043,11.269336,18.195101,8.273995,20.547033
116,3.866667,0,15,15.636652,11.256752,18.145356,8.277209,20.487391
117,3.900000,0,15,16.139930,11.597882,18.767193,8.502425,21.150171
118,3.933333,0,15,15.974263,11.502632,18.550649,8.457381,20.914758
119,3.966667,0,15,16.120408,11.615919,18.730653,8.545031,21.085540
120,4.000000,0,15,15.749061,11.402702,18.255122,8.442358,20.549705
121,4.033333,0,15,15.755669,11.406718,18.263759,8.444491,20.558759
122,4.066667,0,15,15.749878,11.402998,18.256916,8.442152,20.550566
123,4.100000,0,15,14.985604,10.449673,17.645293,7.350532,19.960988
124,4.133333,0,15,14.985191,10.449423,17.644782,7.350394,19.960396
125,4.166667,0,15,15.612897,10.804795,18.480162,7.509218,20.849311
126,4.200000,0,15,15.470168,10.739672,18.289500,7.497648,20.623357
127,4.233333,0,15,15.568598,10.829564,18.414048,7.577097,20.714647
128,4.266667,0,15,15.152547,10.632752,17.858138,7.532547,20.066957
129,4.300000,0,15,15.793135,10.992424,18.718305,7.688306,20.972794
130,4.333333,0,15,15.635522,10.900583,18.515228,7.642909,20.748429
131,4.366667,0,15,15.862419,11.052350,18.815822,7.736872,21.034564
132,4.400000,0,15,15.283405,10.754625,18.060518,7.633815,20.155882
133,4.433333,0,15,15.824497,11.080728,18.759452,7.806088,20.907949
134,4.466667,0,15,15.666262,10.989256,18.554433,7.761899,20.682454
135,4.500000,0,15,15.850809,11.119170,18.788336,7.850704,20.913389
136,4.533333,0,15,15.376740,10.855467,18.178334,7.733479,20.218406
137,4.566667,0,15,15.379910,10.856406,18.182381,7.732987,20.224363
138,4.600000,0,15,15.462241,11.056282,17.878237,8.082514,20.425971
139,4.633333,0,15,15.545808,11.114284,17.977247,8.122949,20.537229
140,4.666667,0,15,15.482373,11.087741,17.890315,8.122019,20.434786
141,4.700000,0,15,16.108595,11.460611,18.699505,8.314275,21.312004
142,4.733333,0,15,15.924968,11.383081,18.444451,8.311247,21.019206
143,4.766667,0,15,16.129631,11.525483,18.703315,8.407246,21.278332
144,4.800000,0,15,15.664952,11.303787,18.080545,8.354976,20.559335
145,4.833333,0,15,16.139252,11.604179,18.672767,8.533064,21.211924
146,4.866667,0,15,16.069540,11.566388,18.577249,8.518632,21.112740
147,4.900000,0,15,16.246454,11.699566,18.795283,8.618548,21.325530
148,4.933333,0,15,15.753567,11.418217,18.164500,8.484757,20.611444
149,4.966667,0,15,15.769578,11.428619,18.183558,8.491379,20.633797
150,5.000000,0,15,15.754053,11.418981,18.164448,8.485793,20.611918
151,5.033333,0,15,15.754049,11.418976,18.164448,8.485787,20.611912
152,5.066667,0,15,15.763448,11.402058,18.180470,8.452811,20.657062
153,5.100000,0,15,16.230148,11.724674,18.745171,8.674031,21.271241
154,5.133333,0,15,16.125319,11.653877,18.614696,8.627728,21.133534
155,5.166667,0,15,16.256575,11.761623,18.771785,8.716781,21.281159
156,5.200000,0,15,15.816465,11.487836,18.232084,8.557083,20.660227
157,5.233333,0,15,16.232312,11.793580,18.715362,8.786974,21.194600
158,5.266667,0,15,16.154895,11.738208,18.622393,8.747237,21.095055
159,5.300000,0,15,16.302893,11.859749,18.792664,8.849226,21.266788
160,5.333333,0,15,15.887310,11.580385,18.306039,8.661004,20.694888
161,5.366667,0,15,15.887631,11.580575,18.306457,8.661100,20.695335
162,5.400000,0,15,15.887298,11.580378,18.306000,8.661006,20.694888
163,5.433333,0,15,15.094750,10.786487,17.592705,7.849065,19.842482
164,5.466667,0,15,15.094750,10.786487,17.592705,7.849065,19.842482
165,5.500000,0,15,15.820362,11.224270,18.537541,8.079173,20.844373
166,5.533333,0,15,15.699332,11.211469,18.353959,8.140120,20.603917
167,5.566667,0,15,15.942552,11.381849,18.667357,8.254736,20.905562
168,5.600000,0,15,15.472974,11.181931,18.028431,8.241514,20.148978
169,5.633333,0,15,15.987440,11.490728,18.686461,8.404774,20.871084
170,5.666667,0,15,15.927925,11.460394,18.607434,8.394901,20.781439
171,5.700000,0,15,16.115165,11.594979,18.843083,8.489682,21.012731
172,5.733333,0,15,15.625306,11.329124,18.208293,8.379842,20.287782
173,5.766667,0,15,15.656708,11.347398,18.246714,8.389295,20.334113
174,5.800000,0,15,15.631827,11.332433,18.214122,8.381518,20.299840
175,5.833333,0,15,15.633126,11.333302,18.215144,8.382209,20.302026
176,5.866667,0,15,16.423400,13.504752,17.286678,11.695792,20.287730
177,5.900000,0,15,16.913822,13.981402,17.785219,12.163023,20.793225
178,5.933333,0,15,16.881234,13.967852,17.739464,12.162918,20.741321
179,5.966667,0,15,16.938225,14.003257,17.810853,12.183194,20.820628
180,6.000000,0,15,16.786369,13.931034,17.608019,12.166315,20.584774
181,6.033333,0,15,17.534531,14.447876,18.517829,12.519430,21.566335
182,6.066667,0,15,17.469482,14.470121,18.389146,12.604035,21.415264
183,6.100000,0,15,17.770922,14.715035,18.738970,12.807001,21.766794
184,6.133333,0,15,17.308076,14.527165,18.090527,12.812325,21.021376
185,6.166667,0,15,17.468598,14.687233,18.251548,12.972032,21.182214
186,6.200000,0,15,17.461918,14.684284,18.242541,12.971663,21.171548
187,6.233333,0,15,17.472420,14.690633,18.256411,12.974972,21.185877
188,6.266667,0,15,17.447776,14.679456,18.221283,12.973561,21.148484
189,6.300000,0,15,17.776540,14.973102,18.529501,13.252195,21.547924
190,6.333333,0,15,17.675863,14.944862,18.374053,13.276133,21.377405
191,6.366667,0,15,17.745095,15.989492,17.173554,15.139561,20.922172
192,6.400000,0,15,17.768304,16.017488,17.193840,15.170853,20.940219
193,6.433333,0,15,18.500018,16.500738,18.099730,15.478122,21.922202
194,6.466667,0,15,18.592441,16.676870,18.122019,15.716044,21.939260
195,6.500000,0,15,18.975856,17.011049,18.549002,16.013373,22.365193
196,6.533333,0,15,18.521439,16.873841,17.880425,16.099045,21.584847
197,6.566667,0,15,18.996916,17.215698,18.450895,16.345973,22.193878
198,6.600000,0,15,18.987493,17.211385,18.437892,16.345278,22.179311
199,6.633333,0,15,19.194520,17.366643,18.690346,16.461875,22.431338
200,6.666667,0,15,18.731560,17.117178,18.083665,16.362325,21.748689
201,6.700000,0,15,19.165448,17.417241,18.605109,16.568970,22.322266
202,6.733333,0,15,19.155871,17.411916,18.591569,16.566871,22.309172
203,6.766667,0,15,19.334741,17.547082,18.808400,16.669484,22.526339
204,6.800000,0,15,18.886068,17.277394,18.239179,16.525492,21.893533
205,6.833333,0,15,18.541072,16.455472,18.452334,15.316902,21.853980
206,6.866667,0,15,18.449814,16.406717,18.379439,15.287735,21.682269
207,6.900000,0,15,18.579965,16.487018,18.541439,15.333406,21.865049
208,6.933333,0,15,18.442374,16.404750,18.373522,15.288474,21.665126
209,6.966667,0,15,18.996093,16.751026,19.070328,15.488333,22.429617
210,7.000000,0,15,18.815792,16.630104,18.849264,15.409280,22.188832
211,7.033333,0,15,18.982551,16.746688,19.061477,15.488082,22.398095
212,7.066667,0,15,18.432967,16.417463,18.384288,15.309064,21.605550
213,7.100000,0,15,18.945883,16.736581,19.041742,15.489023,22.306884
214,7.133333,0,15,18.762286,16.611982,18.817534,15.406048,22.063277
215,7.166667,0,15,18.890063,16.696477,18.989462,15.456872,22.223856
216,7.200000,0,15,18.472142,16.441528,18.470522,15.314465,21.631438
217,7.233333,0,15,18.472890,16.441867,18.471617,15.314501,21.632552
218,7.266667,0,15,18.630106,16.876832,18.064858,16.026820,21.798641
219,7.300000,0,15,18.830501,17.017960,18.304730,16.126421,22.060352
220,7.333333,0,15,18.632255,16.936262,18.032393,16.125611,21.738761
221,7.366667,0,15,19.249826,17.277195,18.840750,16.271293,22.637436
222,7.400000,0,15,19.086156,17.220375,18.604339,16.289680,22.364448
223,7.433333,0,15,19.087831,17.220845,18.606722,16.289326,22.367445
224,7.466667,0,15,18.890852,17.254888,18.307245,16.474016,21.891296
225,7.500000,0,15,19.333842,17.571098,18.837524,16.700777,22.463225
226,7.533333,0,15,19.231499,17.495438,18.715211,16.644291,22.334995
227,7.566667,0,15,19.371806,17.603414,18.886362,16.727582,22.501474
228,7.600000,0,15,18.932877,17.300860,18.366621,16.518391,21.913619
229,7.633333,0,15,18.933971,17.301155,18.368643,16.518039,21.915231
230,7.666667,0,15,18.369836,16.597081,18.006236,15.692222,21.411049
231,7.700000,0,15,18.441430,16.642415,18.095646,15.719086,21.509559
232,7.733333,0,15,18.399492,16.630073,18.038226,15.726557,21.433694
233,7.766667,0,15,18.992343,16.979789,18.815755,15.900957,22.260318
234,7.800000,0,15,18.786283,16.875999,18.549251,15.867147,21.942449
235,7.833333,0,15,18.969066,16.996353,18.788786,15.940447,22.177964
236,7.866667,0,15,18.536441,16.770189,18.223720,15.857831,21.527773
237,7.900000,0,15,18.617107,16.832735,18.333058,15.904057,21.614207
238,7.933333,0,15,18.609896,16.829119,18.322582,15.903149,21.603956
239,7.966667,0,15,18.581822,16.814330,18.285603,15.897681,21.562181
240,8.000000,0,15,18.679864,16.855996,18.404635,15.903462,21.731493
241,8.033333,0,15,18.715001,16.877792,18.446007,15.916490,21.782508
242,8.066667,0,15,18.682896,16.858484,18.407982,15.905581,21.735127
243,8.100000,0,15,18.103783,16.062648,18.018694,14.947969,21.344685
244,8.133333,0,15,18.103783,16.062648,18.018694,14.947969,21.344685
245,8.166667,0,15,18.732959,16.402771,18.880216,15.076874,22.241787
246,8.200000,0,15,18.553353,16.302736,18.650411,15.031979,21.977667
247,8.233333,0,15,18.755309,16.435191,18.924559,15.110082,22.231285
248,8.266667,0,15,18.170448,16.130496,18.160841,14.999992,21.350512
249,8.300000,0,15,18.723643,16.465858,18.875788,15.179092,22.116049
250,8.333333,0,15,18.538792,16.343215,18.647013,15.100578,21.868785
251,8.366667,0,15,18.702080,16.450505,18.864510,15.164941,22.076788
252,8.400000,0,15,18.220909,16.160856,18.254958,15.009659,21.398110
253,8.433333,0,15,18.236034,16.169622,18.274419,15.013949,21.419735
254,8.466667,0,15,18.223181,16.161309,18.258628,15.008798,21.402118
255,8.500000,0,15,18.461643,16.643681,18.046308,15.725020,21.613601
256,8.533333,0,15,18.464755,16.663091,18.037626,15.756054,21.600587
257,8.566667,0,15,18.785815,16.830481,18.463215,15.815301,22.078928
258,8.600000,0,15,18.678146,16.782802,18.311840,15.810472,21.912126
259,8.633333,0,15,18.794574,16.926913,18.430961,15.969364,21.983397
260,8.666667,0,15,18.711683,16.896177,18.310578,15.975773,21.848697
261,8.700000,0,15,19.210802,17.260566,18.907174,16.244073,22.481157
262,8.733333,0,15,19.089254,17.167543,18.762959,16.171837,22.332967
263,8.766667,0,15,19.245112,17.292566,18.951470,16.272610,22.511257
264,8.800000,0,15,18.767240,16.960672,18.381782,16.041813,21.878126
265,8.833333,0,15,19.198759,17.313523,18.866177,16.339441,22.390659
266,8.866667,0,15,19.092376,17.224038,18.746687,16.262199,22.268242
267,8.900000,0,15,19.224450,17.337581,18.895585,16.361781,22.415985
268,8.933333,0,15,18.824121,17.018824,18.444934,16.099301,21.928127
269,8.966667,0,15,18.705309,16.806426,18.459929,15.805727,21.850270
270,9.000000,0,15,18.642697,16.814240,18.395266,15.853089,21.679735
271,9.033333,0,15,18.760826,16.888646,18.547997,15.895664,21.838816
272,9.066667,0,15,18.640994,16.822538,18.393238,15.867011,21.662732
273,9.100000,0,15,19.206625,17.176863,19.109219,16.071187,22.439469
274,9.133333,0,15,19.047632,17.071048,18.907926,16.004133,22.230837
275,9.166667,0,15,19.161904,17.149607,19.055779,16.055532,22.374400
276,9.200000,0,15,18.583869,16.819877,18.333609,15.895136,21.522863
277,9.233333,0,15,19.147631,17.175576,19.056032,16.100673,22.286188
278,9.266667,0,15,18.970931,17.061222,18.838878,16.029767,22.044147
279,9.300000,0,15,19.073653,17.134134,18.975167,16.078799,22.166994
280,9.333333,0,15,18.646393,16.883337,18.434974,15.950635,21.553570
281,9.366667,0,15,18.664030,16.888951,18.462729,15.947364,21.581995
282,9.400000,0,15,18.669737,16.844241,18.431854,15.882650,21.694706
283,9.433333,0,15,18.833774,16.941534,18.645073,15.932147,21.924102
284,9.466667,0,15,18.632660,16.850335,18.374669,15.917103,21.606208
285,9.500000,0,15,19.030597,17.103976,18.871724,16.068987,22.151080
286,9.533333,0,15,18.678597,16.904947,18.435537,15.973271,21.626984
287,9.566667,0,15,18.686568,16.909569,18.445952,15.975500,21.638252
288,9.600000,0,15,18.658428,16.895565,18.408265,15.971429,21.595589
289,9.633333,0,15,19.229989,17.278192,19.120196,16.218508,22.351263
290,9.666667,0,15,19.087806,17.174238,18.948803,16.142157,22.172458
291,9.700000,0,15,19.270205,17.309424,19.176467,16.241247,22.392900
292,9.733333,0,15,18.739944,16.963338,18.521994,16.024538,21.673300
293,9.766667,0,15,18.742412,16.964048,18.526032,16.023930,21.677273
294,9.800000,0,15,18.373054,16.561144,18.095296,15.615802,21.408063
295,9.833333,0,15,18.373054,16.561144,18.095296,15.615802,21.408063
296,9.866667,0,15,18.373054,16.561144,18.095296,15.615802,21.408063
297,9.900000,0,15,18.500871,16.581011,18.245686,15.570806,21.686121
298,9.933333,0,15,18.387796,16.502597,18.105391,15.517579,21.540418
299,9.966667,0,15,18.555770,16.607558,18.328048,15.575614,21.763647
300,10.000000,0,15,18.248007,16.440543,17.915244,15.509680,21.319096
301,10.033333,0,15,18.707317,16.759181,18.476179,15.728025,21.917747
302,10.066667,0,15,18.633078,16.702179,18.388191,15.683596,21.827446
303,10.100000,0,15,18.718852,16.777546,18.494738,15.748649,21.913168
304,10.133333,0,15,18.266341,16.472270,17.950783,15.545086,21.303153
305,10.166667,0,15,18.303435,16.493785,18.000163,15.555269,21.354872
306,10.200000,0,15,18.279005,16.477807,17.968244,15.545618,21.323151
307,10.233333,0,15,18.283321,16.479285,17.976600,15.544640,21.328724
308,10.266667,0,15,17.871285,15.749759,17.872814,14.571532,21.169511
309,10.300000,0,15,18.418442,16.056867,18.605941,14.704756,21.944630
310,10.333333,0,15,18.349707,16.018689,18.516756,14.688010,21.844355
311,10.366667,0,15,18.522072,16.130566,18.744367,14.754239,22.067609
312,10.400000,0,15,17.931565,15.808273,17.976889,14.619503,21.198303
313,10.433333,0,15,18.537153,16.146936,18.793439,14.763904,22.054116
314,10.466667,0,15,18.343354,16.023388,18.559502,14.688123,21.782438
315,10.500000,0,15,18.295674,15.996527,18.526445,14.669628,21.690948
316,10.533333,0,15,18.021192,15.853598,18.166955,14.618301,21.278319
317,10.566667,0,15,18.512671,16.172596,18.785814,14.813722,21.938477
318,10.600000,0,15,18.451147,16.130202,18.708379,14.785423,21.859640
319,10.633333,0,15,18.639179,16.267843,18.947649,14.883900,22.085987
320,10.666667,0,15,18.091440,15.915582,18.276516,14.667113,21.330692
321,10.700000,0,15,18.091440,15.915582,18.276516,14.667113,21.330692
322,10.733333,0,15,16.984963,13.554336,18.654578,11.285054,21.015257
323,10.766667,0,15,17.011546,13.569173,18.690766,11.291274,21.052598
324,10.800000,0,15,16.976868,13.547660,18.648240,11.278783,21.003583
325,10.833333,0,15,17.506967,13.820014,19.378023,11.364433,21.778445
326,10.866667,0,15,17.215289,13.636915,19.018184,11.256502,21.371181
327,10.900000,0,15,17.352718,13.717358,19.210729,11.293270,21.554154
328,10.933333,0,15,16.872378,13.451887,18.589734,11.177809,20.849591
329,10.966667,0,15,17.272981,13.696227,19.107193,11.309875,21.401875
330,11.000000,0,15,16.904004,13.467902,18.656204,11.177549,20.878258
331,11.033333,0,15,16.919069,13.477491,18.675921,11.183081,20.898206
332,11.066667,0,15,16.871706,13.451015,18.615764,11.170995,20.828359
333,11.100000,0,15,16.974896,13.372970,18.854348,10.962764,21.107576
334,11.133333,0,15,15.922584,11.494223,18.691464,8.430964,20.645326
335,11.166667,0,15,16.029929,11.524222,18.856381,8.405448,20.827957
336,11.200000,0,15,15.786677,11.375081,18.550945,8.322138,20.486949
337,11.233333,0,15,16.236406,11.630042,19.137273,8.439134,21.132809
338,11.266667,0,15,16.142720,11.567334,19.017564,8.399308,21.011289
339,11.300000,0,15,16.255715,11.643329,19.171434,8.445834,21.149877
340,11.333333,0,15,15.694216,11.303051,18.464351,8.260169,20.358128
341,11.366667,0,15,16.226081,11.616996,19.163558,8.416583,21.098103
342,11.400000,0,15,16.038754,11.488413,18.934023,8.329833,20.852405
343,11.433333,0,15,16.188645,11.587350,19.132529,8.389863,21.043544
344,11.466667,0,15,15.672339,11.277046,18.477207,8.224288,20.315522
345,11.500000,0,15,16.007771,11.504206,18.886864,8.375127,20.761322
346,11.533333,0,15,15.931548,11.449561,18.790905,8.336773,20.666965
347,11.566667,0,15,16.030719,11.521311,18.916480,8.387533,20.788146
348,11.600000,0,15,15.677836,11.283418,18.487847,8.230023,20.315637
349,11.633333,0,15,15.598597,10.996032,18.292470,7.852432,20.650891
350,11.666667,0,15,15.461719,10.943510,18.103608,7.858095,20.423456
351,11.700000,0,15,15.512737,10.972314,18.171270,7.870932,20.496010
352,11.733333,0,15,15.444080,10.936309,18.081037,7.857767,20.393435
353,11.766667,0,15,15.898810,11.196296,18.669426,7.980446,21.046559
354,11.800000,0,15,15.852444,11.171030,18.606936,7.970414,20.979983
355,11.833333,0,15,16.002988,11.275207,18.800755,8.039399,21.168810
356,11.866667,0,15,15.413606,10.950912,18.041169,7.899448,20.300203
357,11.900000,0,15,15.975860,11.302205,18.760869,8.099235,21.067475
358,11.933333,0,15,15.803197,11.199092,18.538741,8.045537,20.825314
359,11.966667,0,15,15.971872,11.320645,18.752718,8.131035,21.031864
360,12.000000,0,15,15.447027,11.024267,18.079980,7.993798,20.267304
361,12.033333,0,15,15.384481,10.864300,18.043001,7.774158,20.336285
362,12.066667,0,15,15.381106,10.862369,18.036538,7.773704,20.333076
363,12.100000,0,15,15.430944,10.890640,18.101966,7.786596,20.404269
364,12.133333,0,15,15.376484,10.865890,18.028373,7.782520,20.318560
365,12.166667,0,15,16.030845,11.254817,18.877158,7.981622,21.233754
366,12.200000,0,15,15.885397,11.176001,18.682770,7.950487,21.022933
367,12.233333,0,15,16.107330,11.336609,18.963074,8.064301,21.294615
368,12.266667,0,15,15.514242,11.031882,18.188094,7.959392,20.395239
369,12.300000,0,15,16.187629,11.397297,19.077077,8.106743,21.379067
370,12.333333,0,15,16.007529,11.308947,18.826645,8.084690,21.111253
371,12.366667,0,15,15.729512,11.236112,18.433817,8.150843,20.603876
372,12.400000,0,15,15.635033,11.194384,18.303715,8.146181,20.455204
373,12.433333,0,15,15.640885,11.196652,18.315479,8.145168,20.462010
374,12.466667,0,15,15.334189,10.770011,18.073299,7.637846,20.291421
375,12.500000,0,15,15.386032,10.803320,18.139704,7.657684,20.360707
376,12.533333,0,15,15.339340,10.786915,18.075141,7.661997,20.280883
377,12.566667,0,15,15.999618,11.179089,18.937332,7.861228,21.200295
378,12.600000,0,15,15.855565,11.101834,18.741585,7.832348,20.992763
379,12.633333,0,15,16.078708,11.262958,19.019176,7.947151,21.269798
380,12.666667,0,15,15.471543,10.953623,18.213197,7.846584,20.354849
381,12.700000,0,15,15.895123,11.216166,18.754163,7.994086,20.937119
382,12.733333,0,15,15.584356,11.051038,18.357380,7.928600,20.467089
383,12.766667,0,15,15.595390,11.058120,18.371434,7.932830,20.481905
384,12.800000,0,15,15.559043,11.040201,18.321144,7.928186,20.427801
385,12.833333,0,15,15.567227,11.044047,18.332380,7.928957,20.440344
386,12.866667,0,15,15.560972,11.040058,18.324987,7.926475,20.431454
387,12.900000,0,15,15.193893,10.268218,18.323687,6.850039,20.407954
388,12.933333,0,15,15.172459,10.259669,18.288485,6.851649,20.377244
389,12.966667,0,15,15.755787,10.613403,19.038867,7.041436,21.187058
390,13.000000,0,15,15.607687,10.518740,18.852438,6.984810,20.985813
391,13.033333,0,15,15.755196,10.622622,19.037414,7.056288,21.171885
392,13.066667,0,15,15.209334,10.319267,18.342030,6.920225,20.365747
393,13.100000,0,15,15.821668,10.682121,19.142531,7.103478,21.218996
394,13.133333,0,15,15.675086,10.594299,18.949643,7.058392,21.017222
395,13.166667,0,15,15.877979,10.738049,19.209044,7.156965,21.267928
396,13.200000,0,15,15.304716,10.426435,18.452873,7.030560,20.430716
397,13.233333,0,15,15.750037,10.736171,18.993024,7.244312,21.012773
398,13.266667,0,15,15.643889,10.661148,18.859488,7.192550,20.879629
399,13.300000,0,15,15.766162,10.753472,19.010447,7.261982,21.026056
400,13.333333,0,15,15.336257,10.466722,18.488832,7.074738,20.445200
401,13.366667,0,15,15.234691,9.982969,18.649741,6.321479,20.732855
402,13.400000,0,15,15.159524,9.946506,18.559676,6.309758,20.609140
403,13.433333,0,15,15.176243,9.955461,18.582650,6.313037,20.633041
404,13.466667,0,15,15.155638,9.943813,18.556165,6.307645,20.603102
405,13.500000,0,15,15.538955,10.152942,19.062405,6.393224,21.161238
406,13.533333,0,15,15.277001,10.139389,18.653557,6.549659,20.627786
407,13.566667,0,15,15.287612,10.146169,18.666781,6.553742,20.642314
408,13.600000,0,15,15.259489,10.135466,18.627197,6.555213,20.596057
409,13.633333,0,15,15.758815,10.470463,19.255727,6.770761,21.249959
410,13.666667,0,15,15.636717,10.391415,19.097882,6.723421,21.088849
411,13.700000,0,15,15.797953,10.512828,19.296490,6.814563,21.282806
412,13.733333,0,15,15.318513,10.222154,18.687086,6.657072,20.611382
413,13.766667,0,15,15.320076,10.222604,18.689251,6.656773,20.614205
414,13.800000,0,15,14.813998,9.710370,18.140044,6.150537,20.151412
415,13.833333,0,15,14.955228,9.808565,18.313447,6.217814,20.334424
416,13.866667,0,15,14.859349,9.784234,18.169940,6.243608,20.164498
417,13.900000,0,15,15.307544,10.067712,18.728388,6.411558,20.782688
418,13.933333,0,15,14.967375,9.914580,18.280520,6.385788,20.235817
419,13.966667,0,15,14.982552,9.924474,18.300346,6.391734,20.255575
420,14.000000,0,15,14.932087,9.899214,18.230981,6.384594,20.180685
421,14.033333,0,15,15.548628,10.271748,19.029578,6.581901,21.034406
422,14.066667,0,15,15.420003,10.203082,18.852804,6.557038,20.850168
423,14.100000,0,15,15.637460,10.361064,19.126393,6.669743,21.116243
424,14.133333,0,15,15.084330,10.072484,18.390720,6.567903,20.294367
425,14.166667,0,15,15.050269,10.094855,18.274844,6.639469,20.236493
426,14.200000,0,15,15.039984,10.089300,18.259808,6.637577,20.222567
427,14.233333,0,15,15.204855,10.198151,18.469502,6.705539,20.439524
428,14.266667,0,15,14.998166,10.121383,18.180885,6.718793,20.094820
429,14.300000,0,15,15.570132,10.466176,18.927109,6.899408,20.883878
430,14.333333,0,15,15.472152,10.411952,18.796476,6.876607,20.743372
431,14.366667,0,15,15.673410,10.558303,19.049518,6.981166,20.989546
432,14.400000,0,15,15.090220,10.250717,18.279661,6.867357,20.123643
433,14.433333,0,15,15.614749,10.598390,18.929322,7.089515,20.825411
434,14.466667,0,15,15.490388,10.516786,18.767998,7.039721,20.663446
435,14.500000,0,15,15.654094,10.640309,18.967765,7.133060,20.861458
436,14.533333,0,15,15.153394,10.336959,18.337376,6.967599,20.155208
437,14.566667,0,15,15.157712,10.338395,18.342344,6.967293,20.163498
438,14.600000,0,15,15.130725,10.189105,18.270681,6.759855,20.361640
439,14.633333,0,15,15.155213,10.204896,18.298211,6.770153,20.397276
440,14.666667,0,15,15.130871,10.193824,18.264268,6.768545,20.359800
441,14.700000,0,15,15.361778,10.352925,18.569201,6.871613,20.644520
442,14.733333,0,15,15.298197,10.330699,18.478180,6.878340,20.538071
443,14.766667,0,15,15.341468,10.358257,18.534443,6.894338,20.595622
444,14.800000,0,15,15.231225,10.313823,18.377741,6.896586,20.419348
445,14.833333,0,15,15.686662,10.628084,18.940279,7.109079,21.010629
446,14.866667,0,15,15.576374,10.548387,18.800705,7.052760,20.875656
447,14.900000,0,15,15.700921,10.644313,18.955492,7.126194,21.021077
448,14.933333,0,15,15.247984,10.347124,18.392260,6.939561,20.412131
449,14.966667,0,15,15.250454,10.348383,18.395120,6.940062,20.416181
450,15.000000,0,15,15.248927,10.347560,18.392615,6.939844,20.414323
451,15.033333,0,15,14.972799,10.005741,18.150423,6.554143,20.213830
452,15.066667,0,15,14.955596,10.005055,18.122739,6.564915,20.179135
453,15.100000,0,15,15.554648,10.357429,18.901934,6.740997,21.021013
454,15.133333,0,15,15.478683,10.320133,18.800138,6.730811,20.905101
455,15.166667,0,15,15.706126,10.483265,19.090714,6.844451,21.183212
456,15.200000,0,15,15.102121,10.183790,18.281925,6.758770,20.265667
457,15.233333,0,15,15.648755,10.531533,18.982585,6.962453,21.001226
458,15.266667,0,15,15.528226,10.455303,18.824359,6.919049,20.841271
459,15.300000,0,15,15.695111,10.579296,19.034962,7.009683,21.040688
460,15.333333,0,15,15.181931,10.281325,18.376044,6.863020,20.306731
461,15.366667,0,15,15.186732,10.283641,18.382763,6.863538,20.313894
462,15.400000,0,15,15.184279,10.282261,18.379741,6.862879,20.310217
463,15.433333,0,15,15.189999,10.284076,18.390094,6.861514,20.318389
464,15.466667,0,15,14.863142,9.827028,18.053253,6.334362,20.201812
465,15.500000,0,15,15.503070,10.205037,18.898373,6.522147,21.088688
466,15.533333,0,15,15.300114,10.136971,18.619327,6.545587,20.735426
467,15.566667,0,15,15.411577,10.221135,18.754083,6.609508,20.871140
468,15.600000,0,15,15.051525,10.052213,18.269247,6.573951,20.311378
469,15.633333,0,15,15.688692,10.434220,19.092352,6.773690,21.200033
470,15.666667,0,15,15.545194,10.353392,18.900345,6.738250,20.996987
471,15.700000,0,15,15.760574,10.509841,19.171241,6.849858,21.260624
472,15.733333,0,15,15.182369,10.206804,18.402711,6.741155,20.403243
473,15.766667,0,15,15.185000,10.208377,18.405967,6.742003,20.407030
474,15.800000,0,15,15.182412,10.206863,18.402617,6.741252,20.403368
475,15.833333,0,15,15.182412,10.206863,18.402617,6.741252,20.403368
476,15.866667,0,15,17.197265,14.055679,18.395843,12.049728,21.146224
477,15.900000,0,15,17.643508,14.355387,18.942464,12.246160,21.741900
478,15.933333,0,15,17.596207,14.322978,18.882830,12.224712,21.681079
479,15.966667,0,15,17.233901,14.129673,18.425854,12.145910,21.129938
480,16.000000,0,15,17.261499,14.187979,18.430170,12.226349,21.127979
481,16.033333,0,15,17.534813,14.413250,18.716101,12.422191,21.466148
482,16.066667,0,15,17.467929,14.361046,18.642524,12.379600,21.381664
483,16.100000,0,15,17.546902,14.425631,18.729155,12.434524,21.477029
484,16.133333,0,15,17.286807,14.216976,18.456931,12.257077,21.146414
485,16.166667,0,15,17.287006,14.217098,18.457119,12.257158,21.146739
486,16.200000,0,15,17.286799,14.216966,18.456926,12.257066,21.146404
487,16.233333,0,15,17.286795,14.216971,18.456882,12.257084,21.146418
488,16.266667,0,15,16.431773,13.370031,17.575724,11.420337,20.299257
489,16.300000,0,15,16.954563,13.672794,18.266268,11.564311,21.033109
490,16.333333,0,15,16.848779,13.628270,18.118334,11.563002,20.865001
491,16.366667,0,15,17.113279,13.818791,18.446466,11.698555,21.194817
492,16.400000,0,15,16.764356,13.711158,17.948797,11.757368,20.586903
493,16.433333,0,15,17.368239,14.080695,18.724656,11.959243,21.420819
494,16.466667,0,15,17.169066,14.002366,18.458294,11.962678,21.086226
495,16.500000,0,15,17.271610,14.075998,18.591660,12.013528,21.209643
496,16.533333,0,15,17.007481,13.953407,18.240946,11.988426,20.793071
497,16.566667,0,15,17.525435,14.274012,18.901075,12.168416,21.506815
498,16.600000,0,15,17.353111,14.177743,18.682070,12.124567,21.252696
499,16.633333,0,15,17.489885,14.268490,18.858453,12.181111,21.430091
500,16.666667,0,15,17.154975,14.086646,18.425332,12.105694,20.933898
501,16.700000,0,15,17.134598,14.236999,17.990528,12.441329,20.971937
502,16.733333,0,15,17.138933,14.252089,17.982376,12.465117,20.969307
503,16.766667,0,15,17.138933,14.252089,17.982376,12.465117,20.969307
504,16.800000,0,15,17.138933,14.252089,17.982376,12.465117,20.969307
505,16.833333,0,15,17.760126,14.634800,18.772683,12.678494,21.829201
506,16.866667,0,15,17.607785,14.553598,18.565470,12.648772,21.609113
507,16.900000,0,15,17.826055,14.710720,18.839183,12.759837,21.879144
508,16.933333,0,15,17.272519,14.416659,18.120522,12.645894,21.051140
509,16.966667,0,15,17.988559,14.808971,19.061034,12.809455,22.095187
510,17.000000,0,15,17.803322,14.725948,18.799120,12.799925,21.810920
511,17.033333,0,15,17.809623,14.729307,18.806923,12.801323,21.820625
512,17.066667,0,15,17.447027,14.622797,18.299621,12.868592,21.172869
513,17.100000,0,15,17.451660,14.624607,18.306906,12.868255,21.179819
514,17.133333,0,15,17.355250,14.930693,17.660304,13.517946,20.887499
515,17.166667,0,15,17.457825,15.016909,17.771305,13.593239,21.008930
516,17.200000,0,15,17.422750,15.008584,17.720551,13.603190,20.944508
517,17.233333,0,15,18.095777,15.459092,18.550030,13.895991,21.841311
518,17.266667,0,15,18.040434,15.440170,18.470304,13.902614,21.748385
519,17.300000,0,15,18.326609,15.662965,18.813359,14.077801,22.088666
520,17.333333,0,15,17.791396,15.418758,18.080687,14.038279,21.255222
521,17.366667,0,15,18.297359,15.742898,18.711489,14.234210,21.946377
522,17.400000,0,15,18.287538,15.738692,18.696878,14.234168,21.931567
523,17.433333,0,15,18.519171,15.907349,18.986509,14.355195,22.215807
524,17.466667,0,15,17.974260,15.612521,18.282090,14.234045,21.406645
525,17.500000,0,15,17.988717,15.621730,18.299395,14.239718,21.427039
526,17.533333,0,15,17.975405,15.613650,18.282777,14.235266,21.408172
527,17.566667,0,15,17.518295,14.858214,18.166561,13.239761,21.148561
528,17.600000,0,15,17.491591,14.845603,18.133696,13.236319,21.104758
529,17.633333,0,15,17.957053,15.125851,18.734210,13.384246,21.752704
530,17.666667,0,15,17.873845,15.073602,18.626876,13.354453,21.640205
531,17.700000,0,15,17.947199,15.130764,18.730622,13.395990,21.714986
532,17.733333,0,15,17.517185,14.878515,18.188783,13.266854,21.095919
533,17.766667,0,15,18.046505,15.194598,18.874720,13.430348,21.834448
534,17.800000,0,15,17.867068,15.079517,18.654013,13.360010,21.587182
535,17.833333,0,15,17.963619,15.142219,18.789000,13.395526,21.706332
536,17.866667,0,15,17.557763,14.910824,18.271306,13.285413,21.116569
537,17.900000,0,15,17.914295,15.144137,18.721815,13.429794,21.591277
538,17.933333,0,15,17.616829,14.948309,18.367342,13.302845,21.180301
539,17.966667,0,15,17.630200,14.956561,18.384503,13.307426,21.198672
540,18.000000,0,15,17.595246,14.938244,18.339375,13.300569,21.145793
541,18.033333,0,15,18.116586,15.922604,18.150846,14.697003,21.501909
542,18.066667,0,15,18.146315,16.069565,18.108797,14.924724,21.405423
543,18.100000,0,15,18.229048,16.124340,18.208162,14.960346,21.518637
544,18.133333,0,15,18.167176,16.090467,18.131087,14.945337,21.425104
545,18.166667,0,15,18.503016,16.267703,18.575691,15.010766,21.922591
546,18.200000,0,15,18.409666,16.237080,18.436634,15.024950,21.767413
547,18.233333,0,15,18.420991,16.243548,18.452920,15.027638,21.782416
548,18.266667,0,15,18.437348,16.457087,18.388624,15.368266,21.555153
549,18.300000,0,15,18.921642,16.803843,18.972434,15.616929,22.175563
550,18.333333,0,15,18.796226,16.713848,18.816598,15.553243,22.018838
551,18.366667,0,15,18.964189,16.844165,19.023132,15.654236,22.215200
552,18.400000,0,15,18.509856,16.536278,18.473467,15.448473,21.607628
553,18.433333,0,15,17.697525,15.266582,18.099439,13.829140,21.163995
554,18.466667,0,15,17.695153,15.265006,18.094280,13.828614,21.162565
555,18.500000,0,15,17.879298,15.377640,18.330891,13.890088,21.416916
556,18.533333,0,15,17.706672,15.285978,18.111953,13.853491,21.154574
557,18.566667,0,15,18.239979,15.587295,18.811125,13.989787,21.919026
558,18.600000,0,15,18.118219,15.509355,18.660535,13.942473,21.751649
559,18.633333,0,15,18.306684,15.633434,18.910669,14.017338,21.992043
560,18.666667,0,15,17.698191,15.289274,18.139149,13.855535,21.099888
561,18.700000,0,15,18.230290,15.626610,18.811404,14.054133,21.825333
562,18.733333,0,15,18.079140,15.516586,18.625017,13.974638,21.637764
563,18.766667,0,15,18.245738,15.631823,18.839613,14.050878,21.846724
564,18.800000,0,15,17.731243,15.302691,18.209992,13.849799,21.133937
565,18.833333,0,15,17.734111,15.303996,18.214072,13.849972,21.138290
566,18.866667,0,15,17.387357,14.733446,17.997546,13.126733,21.037794
567,18.900000,0,15,17.468722,14.786753,18.100824,13.159677,21.145665
568,18.933333,0,15,17.387177,14.742199,17.997115,13.140500,21.023915
569,18.966667,0,15,17.947321,15.066555,18.734265,13.295294,21.812405
570,19.000000,0,15,17.723878,14.936958,18.451299,13.230799,21.489537
571,19.033333,0,15,17.764664,14.971484,18.512153,13.257467,21.524373
572,19.066667,0,15,17.413514,14.791893,18.051533,13.197031,20.991977
573,19.100000,0,15,17.936585,15.131543,18.706660,13.406009,21.697087
574,19.133333,0,15,17.786797,15.024831,18.524490,13.330284,21.505616
575,19.166667,0,15,17.909010,15.113966,18.682305,13.393279,21.651445
576,19.200000,0,15,17.453693,14.824174,18.126340,13.217365,21.017373
577,19.233333,0,15,17.484787,14.844567,18.163459,13.230501,21.060399
578,19.266667,0,15,17.454742,14.825132,18.126647,13.218434,21.019146
579,19.300000,0,15,17.404457,14.733937,17.943311,13.133579,21.136482
580,19.333333,0,15,17.395642,14.737597,17.922970,13.146682,21.117274
581,19.366667,0,15,17.711139,14.891338,18.353911,13.185407,21.594098
582,19.400000,0,15,17.599556,14.839377,18.203226,13.175086,21.420357
583,19.433333,0,15,17.598637,14.838605,18.201515,13.174569,21.419827
584,19.466667,0,15,17.563731,14.836965,18.183247,13.187765,21.320181
585,19.500000,0,15,18.055954,15.177855,18.786823,13.420319,21.960719
586,19.533333,0,15,17.917107,15.079697,18.614643,13.352031,21.784646
587,19.566667,0,15,18.080064,15.204557,18.818277,13.446858,21.975059
588,19.600000,0,15,17.625017,14.905098,18.265008,13.255229,21.354814
589,19.633333,0,15,18.039069,15.229124,18.741738,13.515586,21.859883
590,19.666667,0,15,17.926840,15.139138,18.611469,13.441889,21.727161
591,19.700000,0,15,18.062104,15.252080,18.769247,13.537521,21.879544
592,19.733333,0,15,17.670379,14.955963,18.319386,13.307181,21.384571
593,19.766667,0,15,17.652609,15.047422,18.057849,13.512512,21.387464
594,19.800000,0,15,17.638604,15.136065,17.991054,13.669672,21.255085
595,19.833333,0,15,17.783056,15.230553,18.168231,13.729274,21.451661
596,19.866667,0,15,17.661230,15.168136,18.013844,13.706951,21.262894
597,19.900000,0,15,18.212389,15.518441,18.705655,13.915029,22.016482
598,19.933333,0,15,18.066622,15.424516,18.520734,13.858436,21.820696
599,19.966667,0,15,18.257046,15.562359,18.760547,13.956301,22.054291
600,20.000000,0,15,17.697111,15.236565,18.056311,13.792013,21.243010
601,20.033333,0,15,18.066755,15.480956,18.517094,13.946963,21.736207
602,20.066667,0,15,17.779994,15.314986,18.169721,13.861291,21.308969
603,20.100000,0,15,17.790090,15.321076,18.182335,13.864607,21.323329
604,20.133333,0,15,17.765962,15.310780,18.149677,13.863853,21.284358
605,20.166667,0,15,17.772949,15.315406,18.157694,13.866943,21.294210
606,20.200000,0,15,17.766137,15.311117,18.149213,13.864421,21.284776
607,20.233333,0,15,17.687073,15.222500,18.079460,13.768466,21.213294
608,20.266667,0,15,17.675420,15.228074,18.059223,13.785480,21.181557
609,20.300000,0,15,18.241904,15.567975,18.784123,13.964989,21.976599
610,20.333333,0,15,18.030615,15.456198,18.508745,13.922456,21.660645
611,20.366667,0,15,18.074088,15.494966,18.569181,13.954908,21.698175
612,20.400000,0,15,17.753978,15.333670,18.152886,13.902789,21.206260
613,20.433333,0,15,18.291590,15.682160,18.826901,14.116493,21.931376
614,20.466667,0,15,18.150668,15.583582,18.652451,14.048746,21.750807
615,20.500000,0,15,18.328683,15.712469,18.876937,14.140208,21.968904
616,20.533333,0,15,17.820214,15.395111,18.257576,13.953172,21.249895
617,20.566667,0,15,17.860413,15.419452,18.307721,13.966535,21.306982
618,20.600000,0,15,17.825105,15.396782,18.265124,13.952474,21.257716
619,20.633333,0,15,17.211957,14.296243,18.074671,12.489034,21.072166
620,20.666667,0,15,17.211957,14.296243,18.074671,12.489034,21.072166
621,20.700000,0,15,17.281223,14.319822,18.175499,12.480356,21.187815
622,20.733333,0,15,16.986450,13.863985,17.930859,11.924148,21.104344
623,20.766667,0,15,17.268725,14.047686,18.294608,12.035330,21.476237
624,20.800000,0,15,16.918835,13.860017,17.817801,11.965441,20.973265
625,20.833333,0,15,17.336582,14.139800,18.337462,12.146370,21.525915
626,20.866667,0,15,17.274796,14.096928,18.259404,12.117553,21.447432
627,20.900000,0,15,17.348752,14.162797,18.351543,12.174962,21.519752
628,20.933333,0,15,16.952697,13.905914,17.866993,12.014672,20.976425
629,20.966667,0,15,17.419209,14.233286,18.446738,12.240067,21.570822
630,21.000000,0,15,17.271808,14.131088,18.267943,12.169821,21.377661
631,21.033333,0,15,17.387578,14.221896,18.413283,12.240314,21.509138
632,21.066667,0,15,17.025120,13.987071,17.961783,12.095794,21.017783
633,21.100000,0,15,16.946880,13.765693,18.135509,11.739927,20.965204
634,21.133333,0,15,16.921016,13.765203,18.109801,11.753491,20.899756
635,21.166667,0,15,16.921098,13.765253,18.109874,11.753525,20.899895
636,21.200000,0,15,16.921017,13.765210,18.109795,11.753503,20.899753
637,21.233333,0,15,17.584236,14.124682,19.006636,11.893319,21.852754
638,21.266667,0,15,17.410759,14.033351,18.786691,11.857744,21.587842
639,21.300000,0,15,17.636480,14.176830,19.091184,11.938362,21.879895
640,21.333333,0,15,17.038316,13.876140,18.309634,11.842874,20.962438
641,21.366667,0,15,17.537032,14.180648,18.948956,12.008854,21.653286
642,21.400000,0,15,17.470472,14.140840,18.864220,11.987869,21.559326
643,21.433333,0,15,17.671505,14.284589,19.118702,12.088141,21.807673
644,21.466667,0,15,17.118675,13.964239,18.424286,11.927783,21.003957
645,21.500000,0,15,17.038800,14.040321,18.090653,12.145862,20.879884
646,21.533333,0,15,17.005447,14.072691,18.007538,12.225588,20.783216
647,21.566667,0,15,17.053754,14.104431,18.066054,12.245901,20.849308
648,21.600000,0,15,17.014723,14.082080,18.017628,12.234861,20.791680
649,21.633333,0,15,17.639169,14.456700,18.825900,12.430637,21.660971
650,21.666667,0,15,17.475823,14.358299,18.612240,12.379281,21.435949
651,21.700000,0,15,17.690585,14.507925,18.888643,12.479283,21.703829
652,21.733333,0,15,17.108122,14.190542,18.138887,12.345603,20.839876
653,21.766667,0,15,17.508326,14.452442,18.629191,12.511043,21.384744
654,21.800000,0,15,17.197207,14.281449,18.245913,12.433605,20.912105
655,21.833333,0,15,17.208739,14.288599,18.260041,12.437755,20.928420
656,21.866667,0,15,17.183316,14.277530,18.226379,12.436454,20.887115
657,21.900000,0,15,17.337507,14.308091,18.434021,12.386704,21.191796
658,21.933333,0,15,16.960803,13.855693,18.011359,11.902314,20.968736
659,21.966667,0,15,17.195025,14.000992,18.315926,11.982883,21.286267
660,22.000000,0,15,16.950185,13.883662,17.995142,11.952930,20.902484
661,22.033333,0,15,17.503789,14.227980,18.701531,12.147690,21.662145
662,22.066667,0,15,17.337264,14.117096,18.491564,12.077184,21.443045
663,22.100000,0,15,17.494092,14.228461,18.689985,12.154225,21.638065
664,22.133333,0,15,16.964956,13.919496,18.015627,11.999211,20.880029
665,22.166667,0,15,17.477990,14.231224,18.670103,12.168288,21.595579
666,22.200000,0,15,17.274849,14.101649,18.419164,12.089993,21.315390
667,22.233333,0,15,17.422075,14.200937,18.607109,12.153775,21.505340
668,22.266667,0,15,17.027022,13.969134,18.110155,12.034860,20.936050
669,22.300000,0,15,17.041070,13.977039,18.127911,12.038545,20.956755
670,22.333333,0,15,17.030789,13.971401,18.114327,12.036206,20.941834
671,22.366667,0,15,17.031746,13.972324,18.115246,12.037119,20.942873
672,22.400000,0,15,16.891876,14.128294,17.591394,12.441185,20.643049
673,22.433333,0,15,17.629205,14.590972,18.528716,12.707705,21.651195
674,22.466667,0,15,17.505428,14.562318,18.337842,12.746516,21.431925
675,22.500000,0,15,17.758954,14.757199,18.650502,12.895924,21.730434
676,22.533333,0,15,17.251758,14.533824,17.962380,12.869634,20.923261
677,22.566667,0,15,17.864209,14.920156,18.737706,13.094859,21.760061
678,22.600000,0,15,17.721585,14.834950,18.546902,13.052052,21.565800
679,22.633333,0,15,17.945951,14.995657,18.827449,13.165148,21.845256
680,22.666667,0,15,17.407819,14.688124,18.135571,13.019217,21.068671
681,22.700000,0,15,17.407957,14.688130,18.136298,13.019021,21.068553
682,22.733333,0,15,16.033164,11.826391,18.281651,8.999787,20.818054
683,22.766667,0,15,16.033228,11.826427,18.281736,8.999805,20.818142
684,22.800000,0,15,16.033175,11.826399,18.281670,8.999793,20.818063
685,22.833333,0,15,16.577452,12.075506,19.055753,9.034840,21.641763
686,22.866667,0,15,16.387451,11.949693,18.824306,8.953715,21.384333
687,22.900000,0,15,16.566889,12.047152,19.078325,8.989373,21.632969
688,22.933333,0,15,15.957529,11.708420,18.298261,8.838169,20.736158
689,22.966667,0,15,16.679176,12.054311,19.294898,8.915393,21.827236
690,23.000000,0,15,16.466171,11.918214,19.026734,8.834041,21.537739
691,23.033333,0,15,16.478122,11.924994,19.043767,8.836839,21.553761
692,23.066667,0,15,16.044959,11.706779,18.501720,8.761740,20.871416
693,23.100000,0,15,16.050955,11.709699,18.510152,8.762422,20.880292
694,23.133333,0,15,16.046817,11.707266,18.505289,8.761093,20.874071
695,23.166667,0,15,15.172768,10.566562,17.836191,7.427589,20.254523
696,23.200000,0,15,15.172768,10.566562,17.836191,7.427589,20.254523
697,23.233333,0,15,15.789161,10.905181,18.674151,7.563605,21.129728
698,23.266667,0,15,15.683784,10.852209,18.529657,7.548269,20.973426
699,23.300000,0,15,15.931754,11.017034,18.855959,7.649827,21.289476
700,23.333333,0,15,15.325482,10.733254,18.046717,7.589417,20.340314
701,23.366667,0,15,15.832939,11.012423,18.730862,7.703258,21.064698
702,23.400000,0,15,15.767028,10.976630,18.644983,7.688547,20.967553
703,23.433333,0,15,15.974142,11.115561,18.916287,7.775607,21.230533
704,23.466667,0,15,15.407492,10.809599,18.178432,7.651764,20.392280
705,23.500000,0,15,15.903362,11.127060,18.807303,7.841131,21.061653
706,23.533333,0,15,15.767703,11.035556,18.635949,7.781935,20.885225
707,23.566667,0,15,15.931809,11.155502,18.840276,7.868581,21.086571
708,23.600000,0,15,15.449556,10.862718,18.236963,7.707425,20.404280
709,23.633333,0,15,15.080507,10.200512,18.094784,6.832918,20.313819
710,23.666667,0,15,15.080507,10.200512,18.094784,6.832918,20.313819
