frequency_hz,v_requested_vpp,v_nominal_vpp,v_scope_vpp,f_scope_hz,ratio,ratio_db,scope_limited,v_div,vertical_status,thd
1000.0,0.5,0.5,0.509375,1011.561,1.01875,0.16135243496066093,False,0.1,ok,0.001820586394279469
1356.830976209873,0.5,0.5,0.515625,1372.517,1.03125,0.26727923115963004,False,0.1,ok,0.001441061790781087
1840.9902980026347,0.5,0.5,0.515625,1862.273,1.03125,0.26727923115963004,False,0.1,ok,0.0012313507683936581
2497.91266323182,0.5,0.5,0.515625,2526.79,1.03125,0.26727923115963004,False,0.1,ok,0.0012017617598334281
3389.24527733983,0.5,0.5,0.515625,3428.427,1.03125,0.26727923115963004,False,0.1,ok,0.001148802570734388
4598.632978267703,0.5,0.5,0.515625,4651.797,1.03125,0.26727923115963004,False,0.1,ok,0.0009621979123348703
6239.567673133883,0.5,0.5,0.515625,6311.701,1.03125,0.26727923115963004,False,0.1,ok,0.0015026672826560176
8466.038697065811,0.5,0.5,0.515625,8563.913,1.03125,0.26727923115963004,False,0.1,ok,0.0011594717410445081
11486.98354997034,0.5,0.5,0.515625,11553.0,1.03125,0.26727923115963004,False,0.1,ok,0.0010301279168765324
15585.895103813009,0.5,0.5,0.515625,15675.47,1.03125,0.26727923115963004,False,0.1,ok,0.0009651692210579402
21147.425268811283,0.5,0.5,0.51875,21027.27,1.0375,0.3197621076826071,False,0.1,ok,nan
28693.48167180655,0.5,0.5,0.515625,28530.45,1.03125,0.26727923115963004,False,0.1,ok,0.0013513676691203026
38932.204747617376,0.5,0.5,0.51875,38711.0,1.0375,0.3197621076826071,False,0.1,ok,0.0013691410191557093
52824.42137371222,0.5,0.5,0.51875,52524.29,1.0375,0.3197621076826071,False,0.1,ok,0.0012045443564869683
71673.81122021578,0.5,0.5,0.5125,72502.41,1.025,0.21447730783546132,False,0.1,ok,0.0011981933924711877
97249.24724660731,0.5,0.5,0.5125000000000001,96696.7,1.0250000000000001,0.2144773078354632,False,0.1,ok,nan
131950.7910772895,0.5,0.5,0.515625,132709.1,1.03125,0.26727923115963004,False,0.1,ok,0.0011352162556324639
179034.9206690637,0.5,0.5,0.515625,178017.7,1.03125,0.26727923115963004,False,0.1,ok,0.0011849997185515832
242920.12618706233,0.5,0.5,0.515625,245728.5,1.03125,0.26727923115963004,False,0.1,ok,nan
329601.55195541796,0.5,0.5,0.515625,333412.0,1.03125,0.26727923115963004,False,0.1,ok,nan
447213.59549995797,0.5,0.5,0.5125000000000001,452383.7,1.0250000000000001,0.2144773078354632,False,0.1,ok,nan
606793.2593565352,0.5,0.5,0.509375,613808.1,1.01875,0.16135243496066093,False,0.1,ok,0.001899194023378475
823315.8904502982,0.5,0.5,0.509375,818637.4,1.01875,0.16135243496066093,False,0.1,ok,0.0011032437434537032
1117100.5033687765,0.5,0.5,0.5062500000000001,1123521.0,1.0125000000000002,0.10790063773412478,False,0.1,ok,0.0011323464099055735
1515716.5665104007,0.5,0.5,0.50625,1524429.0,1.0125,0.1079006377341229,False,0.1,ok,0.0016571957255295284
2056571.1885957795,0.5,0.5,0.503125,2068391.0,1.00625,0.05411786751849934,False,0.1,ok,0.0010110703503195275
2790419.49346751,0.5,0.5,0.503125,2774569.0,1.00625,0.05411786751849934,False,0.1,ok,0.001972689758431774
3786127.6053565806,0.5,0.5,0.496875,3764614.0,0.99375,-0.054457166709465765,False,0.1,ok,0.0027183770682351832
5137135.214831118,0.5,0.5,0.49062500000000003,5107941.0,0.9812500000000001,-0.16440660493382028,False,0.1,ok,0.002190942182510739
6970224.188461421,0.5,0.5,0.48750000000000004,6970256.0,0.9750000000000001,-0.2199076860292629,False,0.1,ok,0.002460187446702379
9457416.09003176,0.5,0.5,0.48125000000000007,9457450.0,0.9625000000000001,-0.3319852363892331,False,0.1,ok,0.001988577521780661
12832115.105860751,0.5,0.5,0.478125,12832150.0,0.95625,-0.3885710367665191,False,0.1,ok,0.0020277710218291373
17411011.265922498,0.5,0.5,0.45937500000000003,17312060.0,0.9187500000000001,-0.736052958154973,False,0.1,ok,0.004078758245642268
23623799.41274272,0.5,0.5,0.453125,23489260.0,0.90625,-0.8550396084189977,False,0.1,ok,nan
32053502.818977926,0.5,0.5,0.44062500000000004,31691920.0,0.8812500000000001,-1.0980174000108966,False,0.1,ok,0.004724369100643924
43491185.52081964,0.5,0.5,0.45937500000000003,43491020.0,0.9187500000000001,-0.736052958154973,False,0.1,ok,0.005751203072064329
59010187.706738405,0.5,0.5,0.465625,58672230.0,0.93125,-0.6186742848730147,False,0.1,ok,0.00637057621189075
80066850.5924617,0.5,0.5,0.4125,79610740.0,0.825,-1.6709210290014986,False,0.1,ok,nan
108637183.05142008,0.5,0.5,0.465625,108019400.0,0.93125,-0.6186742848730147,True,0.1,ok,nan
147402295.13234866,0.5,0.5,0.45625000000000004,145723900.0,0.9125000000000001,-0.7953425374297529,True,0.1,ok,nan
200000000.0,0.5,0.5,0.3515625,200010000.0,0.703125,-3.0593492041708696,True,0.05,ok,0.007096173508823452
