frequency_hz,v_requested_vpp,v_nominal_vpp,v_scope_vpp,f_scope_hz,ratio,ratio_db,scope_limited,v_div,vertical_status,thd,v_in_vpp,v_in_div,v_in_status,gain,gain_db,phase_deg
2000000.0,max,10.0,0.0028,2000000.0,0.00028,-71.05683937315563,False,0.001,ok,0.003640529801140916,42.0,10.0,ok,6.666666666666667e-05,-83.52182518111363,79.2
4041666.666666667,max,10.0,0.00556,4032258.0,0.000556,-65.09850416835886,False,0.001,ok,0.0087105243627519,45.2,10.0,ok,0.00012300884955752212,-78.20127286458649,69.67743
6083333.333333334,max,10.0,0.008640001,6097561.0,0.0008640001,-61.269724145110885,False,0.002,ok,0.02086122103353422,50.4,10.0,ok,0.00017142859126984127,-75.3183348740214,61.46341
8125000.0,max,10.0,0.0122,8196721.0,0.0012200000000000002,-58.27280338650503,False,0.005,ok,0.020735468321266305,55.6,10.0,ok,0.00021942446043165468,-73.17429921814619,41.31147
10166666.666666668,max,10.0,0.0166,10204080.0,0.00166,-55.5978382391989,False,0.005,ok,0.016102371404961784,57.6,10.0,ok,0.00028819444444444444,-70.80628790766313,29.38775
12208333.333333334,max,10.0,0.0292,12195120.0,0.00292,-50.692342971031636,False,0.005,ok,0.012890773218078052,52.4,10.0,ok,0.0005572519083969466,-65.07896871070616,0.0
14250000.0,max,10.0,0.0336,14285720.0,0.0033599999999999997,-49.473214452203116,False,0.01,ok,0.01114173745119105,44.0,10.0,ok,0.0007636363636363636,-62.34226798192687,-61.71429
16291666.666666668,max,10.0,0.0376,16393440.0,0.0037600000000000003,-48.49624310144677,False,0.01,ok,0.03952613120049477,37.0,5.0,ok,0.0010162162162162163,-59.86027758278667,-70.81967
18333333.333333336,max,10.0,0.1008,18181820.0,0.01008,-39.93078935780987,False,0.02,ok,0.02737811886746624,32.6,5.0,ok,0.0030920245398773005,-50.19514135916865,-124.3636
20375000.0,max,5.0,0.036,20408160.0,0.0072,-42.85335007137463,False,0.005,ok,0.005007226313306644,15.44,2.0,clipped,nan,nan,nan
22416666.666666668,max,5.0,0.0272,22222220.0,0.0054399999999999995,-45.2880220060364,False,0.005,ok,0.009248672797308117,14.88,2.0,clipped,nan,nan,nan
24458333.333333336,max,5.0,0.0276,24390240.0,0.00552,-45.16121844541602,False,0.005,ok,0.017499807327402583,15.2,2.0,clipped,nan,nan,nan
26500000.0,max,5.0,0.0352,27027030.0,0.00704,-43.04854681715775,False,0.01,ok,0.01206832366060218,16.48,2.0,clipped,nan,nan,nan
28541666.666666668,max,5.0,0.056,28571430.0,0.0112,-39.01563954659637,False,0.01,ok,0.004454703832921223,19.36,2.0,clipped,nan,nan,nan
30583333.333333336,max,5.0,0.0492,30303030.0,0.00984,-40.14009803137317,False,0.01,ok,0.005964460838052336,26.0,5.0,ok,0.0018923076923076923,-54.46016490406915,109.0909
32625000.0,max,5.0,0.0728,32258070.0,0.01456,-36.73677250045963,False,0.02,ok,0.0078558549952585,34.8,10.0,ok,0.002091954022988506,-53.58895729267087,132.0
34666666.66666667,max,5.0,0.0776,34722220.0,0.01552,-36.18216566155661,False,0.01,clipped,nan,28.6,5.0,ok,nan,nan,nan
36708333.333333336,max,5.0,0.0592,36764700.0,0.01184,-38.53296595226198,False,0.01,ok,0.006605032925475331,17.12,2.0,clipped,nan,nan,nan
38750000.0,max,5.0,0.0436,39062500.0,0.00872,-41.189670301348656,False,0.01,ok,0.015356641337684837,11.12,2.0,ok,0.0039208633093525186,-48.13236595954905,77.53846
40791666.66666667,max,5.0,0.0374,40983610.0,0.0074800000000000005,-42.52196804271077,False,0.005,clipped,nan,7.88,1.0,clipped,nan,nan,nan
42833333.333333336,max,5.0,0.0382,42372880.0,0.007639999999999999,-42.33813282848621,False,0.005,clipped,nan,6.0,1.0,ok,nan,nan,nan
44875000.0,max,5.0,0.0476,44642860.0,0.00952,-40.42726103231051,False,0.01,ok,0.03207082408968716,4.76,1.0,ok,0.010000000000000002,-40.0,25.71428
46916666.66666667,max,5.0,0.0848,47169810.0,0.01696,-35.4114830415861,False,0.02,ok,0.025000104604728984,3.2,0.5,ok,0.0265,-31.535082521263842,6.666667
48958333.333333336,max,5.0,0.154,49019610.0,0.0308,-30.22898566999111,False,0.05,ok,0.013280941230785551,5.48,1.0,ok,0.028102189781021896,-31.025196752958124,-127.0588
51000000.0,max,5.0,0.0532,51020410.0,0.01064,-39.461167440819416,False,0.01,ok,0.0601502526917156,5.36,1.0,ok,0.009925373134328357,-40.06506314795444,-139.5918
53041666.66666667,max,5.0,0.0404,53191490.0,0.00808,-41.85177278450827,False,0.01,ok,0.10234138486834055,4.92,1.0,ok,0.008211382113821138,-41.71167475313511,-99.57447
55083333.333333336,max,5.0,0.0544,55555560.0,0.010879999999999999,-39.26742209275678,False,0.01,ok,0.03449748103012234,4.64,1.0,ok,0.011724137931034483,-38.61838161713402,-160.0
57125000.0,max,5.0,0.0496,56818180.0,0.00992,-40.069766556916434,False,0.01,ok,0.014623477713568488,4.8,1.0,ok,0.010333333333333333,-39.7151912177078,-163.6364
59166666.66666667,max,5.0,0.0456,58139540.0,0.00912,-40.80010323343168,False,0.01,ok,0.0286142932076162,5.16,1.0,ok,0.008837209302325582,-41.07369717925553,-175.8139
61208333.333333336,max,5.0,0.0416,60975610.0,0.00832,-41.59753347418552,False,0.01,ok,0.036661602074321814,5.8,1.0,ok,0.007172413793103448,-42.886693258723895,158.0488
63250000.0,max,5.0,0.039,62500000.0,0.0078,-42.15810794619039,False,0.005,clipped,nan,6.96,2.0,ok,nan,nan,nan
65291666.66666667,max,5.0,0.0404,65789480.0,0.00808,-41.85177278450827,False,0.01,ok,0.021760380463112843,8.88,2.0,ok,0.004549549549549549,-46.84063201335992,156.9231
67333333.33333334,max,5.0,0.0432,67567570.0,0.00864,-41.26972515042213,False,0.01,ok,0.03815492028553653,12.2,5.0,ok,0.0035409836065573774,-49.01752167719672,160.5405
69375000.0,max,5.0,0.046,69444440.0,0.0092,-40.724243453088896,False,0.01,ok,0.05955991005829035,13.2,5.0,ok,0.003484848484848485,-49.156321990485516,-175.0
71416666.66666667,max,2.5,0.0234,71428570.0,0.00936,-40.57448302523789,False,0.005,ok,0.035029376640552334,4.6,1.0,ok,0.005086956521739131,-45.870839485428625,-159.4286
73458333.33333334,max,2.5,0.0232,73529410.0,0.00928,-40.64904047562276,False,0.005,ok,0.029257380927134702,2.64,0.5,ok,0.008787878787878787,-41.122318839578625,-142.9412
75500000.0,max,2.5,0.0336,75757580.0,0.013439999999999999,-37.43201462564387,False,0.01,ok,0.02165496687634732,2.1,0.5,ok,0.015999999999999997,-35.91760034688151,-163.6364
77541666.66666667,max,2.5,0.0416,76923070.0,0.01664,-35.5769335609059,False,0.01,ok,0.025184576962857825,2.42,0.5,ok,0.0171900826446281,-35.29444070707377,177.2308
79583333.33333334,max,2.5,0.0436,79365080.0,0.01744,-35.16907038806903,False,0.01,ok,0.02487811694972225,1.936,0.2,clipped,nan,nan,nan
81625000.0,max,2.5,0.0292,81967220.0,0.01168,-38.651143144472385,False,0.005,ok,0.024930584068205412,1.68,0.2,clipped,nan,nan,nan
83666666.66666667,max,2.5,0.01624,84745760.0,0.006496,-43.74707967533762,False,0.002,clipped,nan,1.568,0.2,clipped,nan,nan,nan
85708333.33333334,max,2.5,0.01056,86206900.0,0.004224,-47.48552180948488,False,0.002,ok,0.018220419661492456,1.536,0.2,clipped,nan,nan,nan
87750000.0,max,2.5,0.0076,87719300.0,0.00304,-50.34252832782492,False,0.001,clipped,nan,1.512,0.2,clipped,nan,nan,nan
89791666.66666667,max,2.5,0.00508,89285710.0,0.002032,-53.84152592776236,False,0.001,ok,0.09673281683849755,1.552,0.2,clipped,nan,nan,nan
91833333.33333334,max,2.5,0.00648,90909090.0,0.0025919999999999997,-51.72730005602888,False,0.002,ok,0.06685872006940012,1.688,0.2,clipped,nan,nan,nan
93875000.0,max,2.5,0.00952,94339620.0,0.003808,-48.38606120575126,False,0.002,ok,0.03684585030437525,1.896,0.2,clipped,nan,nan,nan
95916666.66666667,max,2.5,0.0128,96153850.0,0.00512,-45.81460078048338,False,0.005,ok,0.015610991371139553,2.26,0.5,ok,0.005663716814159293,-44.93796938999065,-124.6154
97958333.33333334,max,2.5,0.018,98039220.0,0.0072,-42.85335007137463,False,0.005,ok,0.01977014046645574,2.8,0.5,ok,0.0064285714285714285,-43.83771052477826,-134.1176
100000000.0,max,2.5,0.0204,100000000.0,0.00816,-41.76619682492277,False,0.005,ok,0.03477633674622598,3.92,1.0,ok,0.005204081632653062,-45.67311799189117,-165.6
